Kod produktu,Numer strony,eco_icon_1,eco_icon_2,eco_icon_3,eco_icon_4
9123,21,,,,
9112,21,,,,
9080,23,,,,
9127,23,,,,
9062,25,,,,
9054,25,,,,
9067,25,,,,
9113,25,,,,
9081,24,,,,
9068,24,,,,
9091,27,,,,
9092,27,,,,
9099,27,,,,
9093,26,,,,
9072,26,,,,
9102,26,,,,
9105,29,,,,
9074,29,,,,
9038,29,,,,
9121,28,,,,
9116,29,,,,
9128,28,,,,
9077,30,,,,
9104,31,,,,
9046,31,,,,
9045,31,,,,
3079,33,,,,
3092,32,,,,
3087,32,,,,
9131,33,,,,
3083,34,,,,
3089,34,,,,
3060,35,,,,
3082,35,,,,
3016,35,,,,
3086,35,,,,
3080,36,,,,
3085,36,,,,
3053,37,,,,
3054,37,,,,
3078,37,,,,
3084,37,,,,
3081,38,,,,
9126,38,,,,
3062,39,,,,
3068,39,,,,
9125,38,,,,
2005,38,,,,
2006,38,,,,
3018,40,,,,
3069,40,,,,
3090,41,,,,
3088,41,,,,
9066,42,,,,
9130,43,,,,
9085,42,,,,
9079,43,,,,
9108,44,,,,
45119,45,,,,
45120,45,,,,
9132,44,,,,
45118,49,,,,
45114,48,,,,
45116,48,,,,
45078,49,,,,
45077,48,,,,
45070,48,,,,
45113,51,,,,
45089,51,,,,
45101,50,,,,
45117,50,,,,
45100,50,,,,
45115,51,,,,
45112,52,,,,
45111,52,,,,
45045,53,,,,
45035,53,,,,
45088,54,,,,
45091,55,,,,
45105,54,,,,
45090,55,,,,
45041,55,,,,
45093,54,,,,
45025,57,,,,
45092,56,,,,
45010,57,,,,
45030,56,,,,
45040,56,,,,
45102,57,,,,
45081,59,,,,
9053,58,,,,
45080,58,,,,
45110,59,,,,
9049,60,,,,
9056,60,,,,
9065,61,,,,
17808,61,,,,
20402,61,,,,
9117,63,,,,
9087,63,,,,
9107,65,,,,
9086,65,,,,
9086,64,,,,
9114,64,,,,
9115,64,,,,
9088,65,,,,
9122,67,,,,
9119,67,,,,
9095,66,,,,
9109,66,,,,
9118,69,,,,
9070,69,,,,
9071,68,,,,
9106,68,,,,
9094,69,,,,
9111,71,,,,
17710,71,,,,
45008,70,,,,
45006,70,,,,
45009,70,,,,
9101,72,,,,
17709,72,,,,
9047,73,,,,
9078,73,,,,
9098,73,,,,
9037,73,,,,
9082,74,,,,
9060,74,,,,
9059,75,,,,
17654,75,,,,
44088,77,,,,
44089,76,,,,
44090,76,,,,
44016,77,,,,
44013,77,,,,
44071,77,,,,
44072,77,,,,
44014,77,,,,
44017,77,,,,
44201,79,,,,
44202,79,,,,
44026,79,,,,
44027,79,,,,
44034,79,,,,
44010,78,,,,
44011,78,,,,
44012,78,,,,
44015,78,,,,
44112,78,,,,
44051,81,,,,
44052,81,,,,
44054,81,,,,
44084,81,,,,
44081,80,,,,
44080,80,,,,
44086,80,,,,
44087,80,,,,
44002,83,,,,
44001,83,,,,
44501,83,,,,
44502,83,,,,
44504,83,,,,
44509,83,,,,
44003,82,,,,
44503,82,,,,
44021,82,,,,
44024,82,,,,
44028,82,,,,
44038,82,,,,
19671,85,,,,
19670,85,,,,
19651,87,,,,
19652,87,,,,
19663,86,,,,
19632,86,,,,
19662,88,,,,
19574,88,,,,
19216,89,,,,
19666,89,,,,
19584,90,,,,
19591,90,,,,
19660,90,,,,
19649,91,,,,
19669,91,,,,
19647,93,,,,
19658,92,,,,
19621,92,,,,
19664,93,,,,
19582,95,,,,
19575,94,,,,
19235,95,,,,
19622,96,,,,
19228,96,,,,
19290,97,,,,
19227,96,,,,
19218,97,,,,
19219,98,,,,
19150,98,,,,
19606,99,,,,
19605,99,,,,
19608,99,,,,
19607,99,,,,
19641,100,,,,
19642,100,,,,
19597,101,,,,
19586,101,,,,
19639,101,,,,
19626,103,,,,
19585,103,,,,
19640,102,,,,
19636,102,,,,
19577,104,,,,
19635,104,,,,
19447,105,,,,
19461,105,,,,
19576,104,,,,
19673,105,,,,
19638,107,,,,
44302,106,,,,
44300,108,,,,
44301,108,,,,
19648,109,,,,
19659,110,,,,
19138,111,,,,
19583,111,,,,
19646,112,,,,
19627,112,,,,
19628,113,,,,
19580,113,,,,
19617,114,,,,
19450,114,,,,
19581,115,,,,
19630,115,,,,
19061,116,,,,
19600,116,,,,
19036,117,,,,
19459,117,,,,
19620,118,,,,
19565,118,,,,
19452,120,,,,
19603,120,,,,
19457,121,,,,
19618,121,,,,
19616,122,,,,
19593,122,,,,
19567,123,,,,
19596,123,,,,
19573,125,,,,
19661,125,,,,
19655,126,,,,
19656,126,,,,
19653,127,,,,
19226,127,,,,
19610,128,,,,
19604,128,,,,
19645,128,,,,
19672,129,,,,
19668,129,,,,
19654,130,,,,
19633,130,,,,
19643,131,,,,
19644,131,,,,
2025,131,,,,
19665,131,,,,
19611,132,,,,
19634,132,,,,
19043,133,,,,
19667,133,,,,
19612,134,,,,
19624,134,,,,
19232,135,,,,
19637,135,,,,
19598,136,,,,
19601,136,,,,
19629,137,,,,
19631,137,,,,
19602,136,,,,
19811,139,,,,
17620,138,,,,
17559,138,,,,
19807,138,,,,
17828,139,,,,
17712,139,,,,
20289,140,,,,
20288,140,,,,
17816,140,,,,
19814,141,,,,
19808,141,,,,
17611,142,,,,
19800,142,,,,
19801,142,,,,
19804,143,,,,
19805,143,,,,
19803,143,,,,
19802,143,,,,
19817,144,,,,
19812,144,,,,
19816,145,,,,
19818,145,,,,
19571,146,,,,
19657,146,,,,
19413,147,,,,
19029,147,,,,
19454,147,,,,
19594,148,,,,
19924,148,,,,
19119,148,,,,
19615,149,,,,
19614,149,,,,
2017,149,,,,
23685,149,,,,
19448,150,,,,
19124,150,,,,
23684,150,,,,
44513,150,,,,
2024,151,,,,
2022,151,,,,
2001,151,,,,
2002,151,,,,
2003,151,,,,
2025,151,,,,
17860,153,,,,
17859,153,,,,
17857,155,,,,
17849,155,,,,
17711,157,,,,
17831,157,,,,
17827,156,,,,
17836,156,,,,
17698,159,,,,
17605,158,,,,
17820,158,,,,
17691,159,,,,
17705,160,,,,
17819,161,,,,
17707,160,,,,
17677,161,,,,
17818,163,,,,
17545,162,,,,
17529,162,,,,
17671,163,,,,
17678,165,,,,
17690,164,,,,
17696,164,,,,
17804,165,,,,
17674,166,,,,
17820,166,,,,
38009,167,,,,
17706,166,,,,
17585,169,,,,
17544,168,,,,
17675,169,,,,
17850,168,,,,
17133,170,,,,
17858,171,,,,
3091,170,,,,
17826,171,,,,
17128,172,,,,
17852,173,,,,
17129,173,,,,
17539,172,,,,
17532,172,,,,
17834,175,,,,
17645,175,,,,
17594,174,,,,
17646,174,,,,
17602,177,,,,
17701,177,,,,
17676,177,,,,
17526,176,,,,
17542,176,,,,
17429,178,,,,
17428,178,,,,
17125,179,,,,
17144,179,,,,
17126,179,,,,
7167,180,,,,
7164,181,,,,
7168,181,,,,
7169,182,,,,
7145,183,,,,
17557,182,,,,
7148,183,,,,
7159,185,,,,
7157,185,,,,
7150,184,,,,
7149,184,,,,
17832,187,,,,
17815,187,,,,
17812,187,,,,
17700,186,,,,
7165,186,,,,
1026,188,,,,
1025,188,,,,
7035,188,,,,
7206,189,,,,
7030,189,,,,
7037,189,,,,
17528,191,,,,
17853,190,,,,
17829,191,,,,
17861,190,,,,
20401,190,,,,
17519,192,,,,
17830,192,,,,
7504,193,,,,
17809,193,,,,
7508,195,,,,
7501,195,,,,
17642,194,,,,
17034,194,,,,
17548,194,,,,
7170,197,,,,
7155,196,,,,
7509,196,,,,
17576,196,,,,
17600,197,,,,
17703,198,,,,
17704,198,,,,
17026,199,,,,
17694,199,,,,
17551,201,,,,
17550,201,,,,
17664,200,,,,
7033,200,,,,
17807,203,,,,
17806,203,,,,
17568,202,,,,
17570,203,,,,
17549,202,,,,
17571,203,,,,
17814,204,,,,
2020,205,,,,
17822,204,,,,
17823,204,,,,
2018,207,,,,
2020,207,,,,
2019,206,,,,
2018,206,,,,
17540,208,,,,
29132,208,,,,
29159,208,,,,
17672,209,,,,
20099,209,,,,
21018,209,,,,
16014,211,,,,
16101,212,,,,
17647,212,,,,
16013,213,,,,
16103,213,,,,
16214,212,,,,
17499,214,,,,
17214,214,,,,
17608,214,,,,
16102,215,,,,
16100,215,,,,
16003,217,,,,
16001,217,,,,
16002,217,,,,
16007,218,,,,
17636,218,,,,
17640,218,,,,
17582,219,,,,
16006,219,,,,
17665,221,,,,
17567,221,,,,
17579,221,,,,
16010,220,,,,
16008,220,,,,
17258,220,,,,
17327,222,,,,
17613,222,,,,
16009,223,,,,
16011,223,,,,
16012,223,,,,
17637,222,,,,
17667,224,,,,
16004,224,,,,
17631,225,,,,
17615,225,,,,
17339,224,,,,
16500,226,,,,
16517,226,,,,
16513,226,,,,
16504,227,,,,
16529,227,,,,
16511,227,,,,
16506,229,,,,
16512,229,,,,
16510,228,,,,
16503,228,,,,
16528,229,,,,
16524,230,,,,
16521,230,,,,
16515,231,,,,
16527,231,,,,
16526,231,,,,
16508,232,,,,
16502,233,,,,
17659,232,,,,
16501,232,,,,
16514,233,,,,
16509,233,,,,
16211,235,,,,
16207,235,,,,
16206,235,,,,
16522,234,,,,
17633,234,,,,
17632,234,,,,
16203,237,,,,
16210,236,,,,
16208,236,,,,
16200,237,,,,
16209,238,,,,
16202,238,,,,
16213,238,,,,
16212,238,,,,
16215,239,,,,
17666,239,,,,
16204,240,,,,
17663,240,,,,
17511,241,,,,
16216,241,,,,
17466,243,,,,
17358,243,,,,
17634,243,,,,
17030,242,,,,
16518,242,,,,
16519,242,,,,
17668,245,,,,
17260,244,,,,
17216,244,,,,
17692,244,,,,
17670,244,,,,
7232,245,,,,
17588,245,,,,
17569,246,,,,
17669,246,,,,
16301,246,,,,
16300,247,,,,
17552,247,,,,
17541,247,,,,
17512,248,,,,
16601,249,,,,
16604,248,,,,
16605,248,,,,
16606,249,,,,
17625,249,,,,
9124,251,,,,
9090,252,,,,
9120,252,,,,
20110,253,,,,
17617,253,,,,
29126,253,,,,
20115,254,,,,
20129,255,,,,
20107,254,,,,
20113,254,,,,
20274,255,,,,
20136,255,,,,
20222,256,,,,
20134,257,,,,
17825,256,,,,
16215,257,,,,
20125,257,,,,
29157,256,,,,
20220,258,,,,
20221,258,,,,
20120,258,,,,
20109,259,,,,
20133,259,,,,
20108,259,,,,
20104,261,,,,
20067,260,,,,
20138,260,,,,
20062,260,,,,
20038,261,,,,
3063,263,,,,
20279,263,,,,
9110,263,,,,
9052,263,,,,
1024,262,,,,
20331,262,,,,
1023,262,,,,
1021,262,,,,
20269,264,,,,
20236,264,,,,
51014,264,,,,
51015,264,,,,
51016,264,,,,
20046,265,,,,
17689,265,,,,
20409,266,,,,
20039,267,,,,
9132,266,,,,
20405,268,,,,
20408,268,,,,
20037,268,,,,
17810,269,,,,
17811,269,,,,
20124,269,,,,
20137,270,,,,
20068,270,,,,
9096,270,,,,
20086,271,,,,
20103,271,,,,
20101,271,,,,
20116,273,,,,
20114,273,,,,
20030,273,,,,
20117,273,,,,
20032,272,,,,
20034,272,,,,
20033,272,,,,
20097,275,,,,
20089,274,,,,
20088,274,,,,
21022,275,,,,
20410,277,,,,
20332,277,,,,
20333,279,,,,
20503,279,,,,
16520,278,,,,
16525,278,,,,
16523,278,,,,
20219,281,,,,
20305,280,,,,
20300,280,,,,
20210,281,,,,
20251,280,,,,
20295,283,,,,
20121,283,,,,
20277,282,,,,
20242,282,,,,
20237,285,,,,
20227,285,,,,
20296,284,,,,
20264,284,,,,
20265,284,,,,
20233,286,,,,
20232,287,,,,
20234,287,,,,
20131,288,,,,
20283,288,,,,
20500,289,,,,
20502,289,,,,
20501,289,,,,
20240,290,,,,
20135,291,,,,
20248,291,,,,
20278,290,,,,
20127,292,,,,
20126,292,,,,
20130,293,,,,
20123,293,,,,
20280,295,,,,
20287,294,,,,
20292,294,,,,
20286,294,,,,
20226,295,,,,
20222,296,,,,
20298,296,,,,
20223,297,,,,
20225,297,,,,
20293,299,,,,
20299,299,,,,
20262,298,,,,
20261,298,,,,
20294,300,,,,
20245,301,,,,
20275,301,,,,
20276,301,,,,
20281,300,,,,
20297,300,,,,
20290,303,,,,
20291,303,,,,
20285,302,,,,
20122,302,,,,
20132,304,,,,
37046,305,,,,
20081,305,,,,
20284,304,,,,
20235,304,,,,
37054,307,,,,
37016,307,,,,
37044,307,,,,
37043,309,,,,
37047,308,,,,
37053,309,,,,
37041,308,,,,
37051,311,,,,
37030,310,,,,
37038,310,,,,
37045,311,,,,
37049,313,,,,
37048,313,,,,
37052,312,,,,
37039,312,,,,
37050,315,,,,
37036,315,,,,
37010,315,,,,
37028,314,,,,
37001,314,,,,
17345,317,,,,
17851,317,,,,
17843,319,,,,
17837,319,,,,
17802,318,,,,
17840,318,,,,
17824,318,,,,
17838,321,,,,
17842,321,,,,
17067,321,,,,
17685,321,,,,
17841,321,,,,
17527,320,,,,
17839,320,,,,
17847,320,,,,
17031,320,,,,
17687,322,,,,
17805,323,,,,
17848,322,,,,
17515,322,,,,
17821,323,,,,
17697,325,,,,
17813,324,,,,
17801,325,,,,
17679,325,,,,
17564,324,,,,
17846,327,,,,
17699,327,,,,
17856,327,,,,
17844,326,,,,
17686,326,,,,
17845,326,,,,
17575,326,,,,
17855,328,,,,
17854,328,,,,
17595,329,,,,
17833,328,,,,
17652,329,,,,
17075,329,,,,
17817,330,,,,
17803,330,,,,
29109,331,,,,
29009,331,,,,
29076,331,,,,
29090,330,,,,
17056,332,,,,
29103,332,,,,
29147,332,,,,
17517,333,,,,
29105,333,,,,
29154,332,,,,
29167,335,,,,
29168,336,,,,
29128,337,,,,
29150,336,,,,
29161,337,,,,
29139,338,,,,
29140,339,,,,
29093,338,,,,
29152,339,,,,
29135,339,,,,
29164,341,,,,
29162,340,,,,
29119,340,,,,
29120,340,,,,
29166,341,,,,
29138,343,,,,
29137,343,,,,
29156,342,,,,
29106,342,,,,
29148,342,,,,
29086,345,,,,
29085,345,,,,
29146,344,,,,
29100,345,,,,
29047,345,,,,
29144,344,,,,
29145,344,,,,
29134,347,,,,
29163,347,,,,
29141,347,,,,
29129,346,,,,
29169,346,,,,
19138,348,,,,
19583,348,,,,
19806,348,,,,
29165,349,,,,
29095,350,,,,
29063,351,,,,
29143,351,,,,
29158,350,,,,
29149,351,,,,
29102,352,,,,
29125,352,,,,
29121,353,,,,
29153,353,,,,
29122,353,,,,
29160,354,,,,
29115,354,,,,
29155,355,,,,
29154,355,,,,
29127,355,,,,
20327,356,,,,
20301,356,,,,
20314,356,,,,
20302,357,,,,
20313,357,,,,
20312,357,,,,
20320,358,,,,
20319,358,,,,
20318,358,,,,
20317,359,,,,
20325,359,,,,
20330,359,,,,
20329,359,,,,
20322,358,,,,
20316,358,,,,
29170,361,,,,
20324,360,,,,
20304,360,,,,
20328,360,,,,
29091,361,,,,
17708,362,,,,
17710,362,,,,
17653,362,,,,
17702,362,,,,
29059,363,,,,
29051,363,,,,
29107,363,,,,
17662,364,,,,
17825,364,,,,
29133,365,,,,
29157,365,,,,
29117,365,,,,
29116,365,,,,
20134,366,,,,
29097,366,,,,
20323,366,,,,
